epoch,train_mae_scaled,valid_mae_scaled,train_rmse_scaled,valid_rmse_scaled
1,0.40533924102783203,0.24576336145401,0.8436466455459595,0.417888343334198
2,0.344078004360199,0.23306158185005188,0.7418001294136047,0.4099690616130829
3,0.33284956216812134,0.22720573842525482,0.7329232692718506,0.4069930911064148
4,0.3248271048069,0.21738219261169434,0.7169976830482483,0.4046110212802887
5,0.3199758231639862,0.20873147249221802,0.7151702642440796,0.4034444987773895
6,0.314064085483551,0.21343468129634857,0.7083762288093567,0.4037927985191345
7,0.3123945891857147,0.20913320779800415,0.704809844493866,0.40159934759140015
8,0.31057557463645935,0.21022863686084747,0.7081092596054077,0.40167486667633057
9,0.30921563506126404,0.21077792346477509,0.7076643705368042,0.4022938013076782
10,0.30723172426223755,0.20551186800003052,0.7018811702728271,0.40254297852516174
11,0.30514785647392273,0.19898037612438202,0.6986365914344788,0.4007148742675781
12,0.30274584889411926,0.19917675852775574,0.697896420955658,0.39755678176879883
13,0.3013903498649597,0.19952984154224396,0.696074366569519,0.3998906910419464
14,0.3005982041358948,0.19449064135551453,0.6972336173057556,0.39626187086105347
15,0.29941660165786743,0.19470368325710297,0.6926438808441162,0.3988933265209198
16,0.2950034439563751,0.19974549114704132,0.6875138878822327,0.39597293734550476
17,0.2980506122112274,0.19004835188388824,0.6898520588874817,0.3954501450061798
18,0.29483717679977417,0.1945263296365738,0.6832462549209595,0.3932906687259674
19,0.29488396644592285,0.1896335482597351,0.6875408291816711,0.3908238410949707
20,0.2927953600883484,0.19099552929401398,0.678481936454773,0.3942984938621521
21,0.29279670119285583,0.18805165588855743,0.6839975118637085,0.3928820490837097
22,0.29282158613204956,0.18900571763515472,0.6826291680335999,0.392141193151474
23,0.2883186638355255,0.18928192555904388,0.6753276586532593,0.39305591583251953
24,0.2894017994403839,0.18742375075817108,0.6755968928337097,0.3896210491657257
25,0.289693146944046,0.18646667897701263,0.6821544170379639,0.3942965865135193
26,0.2874573767185211,0.18729589879512787,0.6748560667037964,0.3900308907032013
27,0.28597983717918396,0.18898074328899384,0.6703938841819763,0.391353040933609
28,0.28573209047317505,0.1894294023513794,0.6734321117401123,0.3875325322151184
29,0.28520944714546204,0.18760618567466736,0.6683025360107422,0.39023303985595703
30,0.2874792814254761,0.1881435215473175,0.6749306321144104,0.3901371955871582
31,0.283603698015213,0.19103433191776276,0.666434645652771,0.3857909142971039
32,0.283780574798584,0.19082900881767273,0.6618905067443848,0.396203875541687
33,0.28297895193099976,0.19016890227794647,0.6650035977363586,0.38858309388160706
34,0.2797844111919403,0.18633627891540527,0.6557915210723877,0.3862460255622864
35,0.28284379839897156,0.18791331350803375,0.6682531237602234,0.38696736097335815
36,0.2814144492149353,0.19385065138339996,0.6598715782165527,0.3970988094806671
37,0.28077805042266846,0.1869298219680786,0.6611692309379578,0.3814973533153534
38,0.2783990502357483,0.18754084408283234,0.6511671543121338,0.3849072754383087
39,0.2764410376548767,0.18895323574543,0.6513914465904236,0.38686877489089966
40,0.2791930139064789,0.18374153971672058,0.6632094383239746,0.38156113028526306
41,0.2759298086166382,0.19521287083625793,0.6518493890762329,0.3845333755016327
42,0.2770155072212219,0.1881810426712036,0.6508652567863464,0.3835656940937042
43,0.2778782546520233,0.1880890130996704,0.6523996591567993,0.37936875224113464
44,0.2762882113456726,0.18659743666648865,0.6534901261329651,0.3841060400009155
45,0.2758391499519348,0.18336758017539978,0.6480032205581665,0.38135015964508057
46,0.27194535732269287,0.18541137874126434,0.6439902186393738,0.3813866972923279
47,0.273982435464859,0.1888088583946228,0.6417556405067444,0.38374456763267517
48,0.2779071629047394,0.20314092934131622,0.6610119342803955,0.3833792805671692
49,0.27612829208374023,0.18618032336235046,0.649135410785675,0.3800852298736572
50,0.2756604850292206,0.18705226480960846,0.647940456867218,0.38859596848487854
51,0.2710249722003937,0.19476045668125153,0.6381246447563171,0.38374146819114685
52,0.2716215252876282,0.1897619217634201,0.6388503909111023,0.39045602083206177
53,0.27070096135139465,0.18730202317237854,0.6384302377700806,0.37944296002388
54,0.26890555024147034,0.18841354548931122,0.6384151577949524,0.3901320695877075
55,0.269832581281662,0.18696460127830505,0.6351746916770935,0.3804980218410492
