horizon_minutes,split,n_samples,lookback_steps,n_features,X_shape,y_shape,input_start,input_end_first,feature_time_start,feature_time_end,target_time_start,target_time_end,feature_scaler_fit_rows,labels_confined_to_split
5,train,24104,144,10,"(24104, 144, 10)","(24104,)",1970-01-01T12:00:00+00:00,1970-01-01T23:55:00+00:00,1970-01-02T00:00:00+00:00,1970-03-26T16:35:00+00:00,1970-01-02T00:05:00+00:00,1970-03-26T16:40:00+00:00,24247,True
5,valid,5227,144,10,"(5227, 144, 10)","(5227,)",1970-03-26T04:40:00+00:00,1970-03-26T16:35:00+00:00,1970-03-26T16:40:00+00:00,1970-04-13T20:10:00+00:00,1970-03-26T16:45:00+00:00,1970-04-13T20:15:00+00:00,0,True
5,test,5228,144,10,"(5228, 144, 10)","(5228,)",1970-04-13T08:15:00+00:00,1970-04-13T20:10:00+00:00,1970-04-13T20:15:00+00:00,1970-05-01T23:50:00+00:00,1970-04-13T20:20:00+00:00,1970-05-01T23:55:00+00:00,0,True
15,train,24102,144,10,"(24102, 144, 10)","(24102,)",1970-01-01T12:00:00+00:00,1970-01-01T23:55:00+00:00,1970-01-02T00:00:00+00:00,1970-03-26T16:25:00+00:00,1970-01-02T00:15:00+00:00,1970-03-26T16:40:00+00:00,24245,True
15,valid,5227,144,10,"(5227, 144, 10)","(5227,)",1970-03-26T04:30:00+00:00,1970-03-26T16:25:00+00:00,1970-03-26T16:30:00+00:00,1970-04-13T20:00:00+00:00,1970-03-26T16:45:00+00:00,1970-04-13T20:15:00+00:00,0,True
15,test,5228,144,10,"(5228, 144, 10)","(5228,)",1970-04-13T08:05:00+00:00,1970-04-13T20:00:00+00:00,1970-04-13T20:05:00+00:00,1970-05-01T23:40:00+00:00,1970-04-13T20:20:00+00:00,1970-05-01T23:55:00+00:00,0,True
60,train,24093,144,10,"(24093, 144, 10)","(24093,)",1970-01-01T12:00:00+00:00,1970-01-01T23:55:00+00:00,1970-01-02T00:00:00+00:00,1970-03-26T15:40:00+00:00,1970-01-02T01:00:00+00:00,1970-03-26T16:40:00+00:00,24236,True
60,valid,5227,144,10,"(5227, 144, 10)","(5227,)",1970-03-26T03:45:00+00:00,1970-03-26T15:40:00+00:00,1970-03-26T15:45:00+00:00,1970-04-13T19:15:00+00:00,1970-03-26T16:45:00+00:00,1970-04-13T20:15:00+00:00,0,True
60,test,5228,144,10,"(5228, 144, 10)","(5228,)",1970-04-13T07:20:00+00:00,1970-04-13T19:15:00+00:00,1970-04-13T19:20:00+00:00,1970-05-01T22:55:00+00:00,1970-04-13T20:20:00+00:00,1970-05-01T23:55:00+00:00,0,True
