horizon_minutes,split,sample_index,input_start_time,input_end_time,forecast_origin_time,label_time,expected_label_time,target_token_load,time_alignment_passed
5,train,0,1970-01-01T12:00:00+00:00,1970-01-01T23:55:00+00:00,1970-01-02T00:00:00+00:00,1970-01-02T00:05:00+00:00,1970-01-02T00:05:00+00:00,383.0,True
5,valid,0,1970-03-26T04:40:00+00:00,1970-03-26T16:35:00+00:00,1970-03-26T16:40:00+00:00,1970-03-26T16:45:00+00:00,1970-03-26T16:45:00+00:00,55383.0,True
5,test,0,1970-04-13T08:15:00+00:00,1970-04-13T20:10:00+00:00,1970-04-13T20:15:00+00:00,1970-04-13T20:20:00+00:00,1970-04-13T20:20:00+00:00,0.0,True
15,train,0,1970-01-01T12:00:00+00:00,1970-01-01T23:55:00+00:00,1970-01-02T00:00:00+00:00,1970-01-02T00:15:00+00:00,1970-01-02T00:15:00+00:00,10892.0,True
15,valid,0,1970-03-26T04:30:00+00:00,1970-03-26T16:25:00+00:00,1970-03-26T16:30:00+00:00,1970-03-26T16:45:00+00:00,1970-03-26T16:45:00+00:00,55383.0,True
15,test,0,1970-04-13T08:05:00+00:00,1970-04-13T20:00:00+00:00,1970-04-13T20:05:00+00:00,1970-04-13T20:20:00+00:00,1970-04-13T20:20:00+00:00,0.0,True
60,train,0,1970-01-01T12:00:00+00:00,1970-01-01T23:55:00+00:00,1970-01-02T00:00:00+00:00,1970-01-02T01:00:00+00:00,1970-01-02T01:00:00+00:00,2838.0,True
60,valid,0,1970-03-26T03:45:00+00:00,1970-03-26T15:40:00+00:00,1970-03-26T15:45:00+00:00,1970-03-26T16:45:00+00:00,1970-03-26T16:45:00+00:00,55383.0,True
60,test,0,1970-04-13T07:20:00+00:00,1970-04-13T19:15:00+00:00,1970-04-13T19:20:00+00:00,1970-04-13T20:20:00+00:00,1970-04-13T20:20:00+00:00,0.0,True
