split,model,horizon_minutes,n_observations,train_p95_threshold,mae,rmse,smape_percent,precision,recall,f1,average_precision,pr_auc,average_precision_defined,true_negative,false_positive,false_negative,true_positive,actual_burst_windows,predicted_burst_windows,actual_burst_rate,predicted_burst_rate
valid,persistence,5,5227,315246.19999999995,20253.011287545436,46648.62786608009,66.82845763973015,0.5477707006369427,0.5477707006369427,0.5477707006369427,0.5470030424724395,0.5470030424724395,True,4999,71,71,86,157,157,0.03003634972259422,0.03003634972259422
valid,seasonal_naive,5,5227,315246.19999999995,54035.30591161278,98641.36411490469,103.09216190580692,0.17197452229299362,0.17197452229299362,0.17197452229299362,0.11903596914099039,0.11903596914099039,True,4940,130,130,27,157,157,0.03003634972259422,0.03003634972259422
valid,persistence,15,5227,315246.19999999995,26842.473311651043,60148.886357096024,74.08425979049525,0.42038216560509556,0.42038216560509556,0.42038216560509556,0.39668572006535907,0.39668572006535907,True,4979,91,91,66,157,157,0.03003634972259422,0.03003634972259422
valid,seasonal_naive,15,5227,315246.19999999995,54035.30591161278,98641.36411490469,103.09216190580692,0.17197452229299362,0.17197452229299362,0.17197452229299362,0.11903596914099039,0.11903596914099039,True,4940,130,130,27,157,157,0.03003634972259422,0.03003634972259422
valid,persistence,60,5227,315246.19999999995,40285.86799311268,82935.64743243356,89.8046710019677,0.20382165605095542,0.20382165605095542,0.20382165605095542,0.1742929105148093,0.1742929105148093,True,4945,125,125,32,157,157,0.03003634972259422,0.03003634972259422
valid,seasonal_naive,60,5227,315246.19999999995,54035.30591161278,98641.36411490469,103.09216190580692,0.17197452229299362,0.17197452229299362,0.17197452229299362,0.11903596914099039,0.11903596914099039,True,4940,130,130,27,157,157,0.03003634972259422,0.03003634972259422
test,persistence,5,5228,315246.19999999995,11053.040550879878,34488.641326004305,69.51830233423614,0.0,0.0,0.0,0.009841148168512967,0.009841148168512967,True,5218,5,5,0,5,5,0.0009563886763580719,0.0009563886763580719
test,seasonal_naive,5,5228,315246.19999999995,15770.347360367254,41890.9732708286,91.35417627627209,0.0,0.0,0.0,0.00683804138901579,0.00683804138901579,True,5219,4,5,0,5,4,0.0009563886763580719,0.0007651109410864575
test,persistence,15,5228,315246.19999999995,12342.419280795715,37224.37775386697,74.7779779572798,0.0,0.0,0.0,0.005374416263782446,0.005374416263782446,True,5218,5,5,0,5,5,0.0009563886763580719,0.0009563886763580719
test,seasonal_naive,15,5228,315246.19999999995,15770.347360367254,41890.9732708286,91.35417627627209,0.0,0.0,0.0,0.00683804138901579,0.00683804138901579,True,5219,4,5,0,5,4,0.0009563886763580719,0.0007651109410864575
test,persistence,60,5228,315246.19999999995,14117.487758224943,39633.43260028497,83.18963915833682,0.0,0.0,0.0,0.006592462211124127,0.006592462211124127,True,5218,5,5,0,5,5,0.0009563886763580719,0.0009563886763580719
test,seasonal_naive,60,5228,315246.19999999995,15770.347360367254,41890.9732708286,91.35417627627209,0.0,0.0,0.0,0.00683804138901579,0.00683804138901579,True,5219,4,5,0,5,4,0.0009563886763580719,0.0007651109410864575
