horizon_minutes,candidate_index,subsample,n_estimators,min_child_weight,max_depth,learning_rate,colsample_bytree,valid_mae,valid_rmse,valid_smape_percent,valid_f1,valid_precision,valid_recall,fit_seconds,is_constant,negative_prediction_count,selected,selection_data
5,1,0.7,300,5,7,0.1,0.9,18088.723575527452,29299.457568137794,111.15574311613041,0.7928571428571428,0.9024390243902439,0.7070063694267515,5.312846699998772,False,522,False,validation_only
5,2,0.9,600,5,7,0.05,0.7,16491.301489745725,27632.831564830074,110.07944481538468,0.7835820895522387,0.9459459459459459,0.6687898089171974,9.930103300001065,False,448,True,validation_only
5,3,1.0,600,1,7,0.02,0.9,17933.04408607534,32252.371714979196,108.99421784303784,0.6870229007633587,0.8571428571428571,0.5732484076433121,13.359345400000166,False,89,False,validation_only
5,4,0.9,600,1,5,0.05,0.9,17970.159718545783,33271.79012182129,109.09279412419521,0.6872586872586872,0.8725490196078431,0.5668789808917197,6.75270730000193,False,394,False,validation_only
5,5,1.0,300,1,5,0.02,1.0,20722.48084224732,41696.63306752091,107.96026052911981,0.4777327935222672,0.6555555555555556,0.37579617834394907,3.2766615000000456,False,0,False,validation_only
5,6,1.0,600,10,3,0.02,0.9,21279.081054011698,43121.24065277129,109.28330765605634,0.465863453815261,0.6304347826086957,0.36942675159235666,4.307141400000546,False,425,False,validation_only
5,7,0.7,300,10,7,0.02,0.7,19927.162397957905,38513.503934332184,108.60085298875357,0.5645161290322581,0.7692307692307693,0.445859872611465,5.53040239999973,False,0,False,validation_only
5,8,0.7,300,1,3,0.05,0.7,21317.642393026978,42987.70485148461,109.70957498100846,0.488,0.6559139784946236,0.3885350318471338,1.5098628999985522,False,537,False,validation_only
5,9,0.9,1000,10,5,0.05,0.7,17239.90351381114,31407.51262892241,110.20281294705956,0.7230769230769231,0.912621359223301,0.5987261146496815,3.382620800002769,False,710,False,validation_only
5,10,0.7,300,10,3,0.05,0.9,21292.427274855778,43065.629455510236,109.39637615633093,0.4738955823293172,0.6413043478260869,0.37579617834394907,0.6924480000016047,False,499,False,validation_only
5,11,1.0,300,10,3,0.05,0.9,21255.624624914253,42941.02659100758,109.43493119333105,0.48605577689243035,0.648936170212766,0.3885350318471338,0.757353900000453,False,506,False,validation_only
5,12,0.9,1000,1,7,0.1,1.0,20516.18404373608,31827.953286886135,113.24222081107239,0.8737201365187713,0.9411764705882353,0.8152866242038217,20.25757049999811,False,270,False,validation_only
15,1,0.7,300,5,7,0.1,0.9,25561.760069854998,39160.203693867166,119.25938344927562,0.7328244274809159,0.9142857142857143,0.6114649681528662,5.099303499999223,False,528,False,validation_only
15,2,0.9,600,5,7,0.05,0.7,24561.274788881503,37303.163348303955,118.0919822565173,0.7413127413127413,0.9411764705882353,0.6114649681528662,7.915727899999183,False,424,False,validation_only
15,3,1.0,600,1,7,0.02,0.9,23925.13546100314,39773.26199948004,116.17849971689085,0.6482213438735178,0.8541666666666666,0.5222929936305732,10.487677699995402,False,321,True,validation_only
15,4,0.9,600,1,5,0.05,0.9,25365.540580730536,41884.09504183331,117.4010819043877,0.5774058577405858,0.8414634146341463,0.4394904458598726,6.879217300003802,False,479,False,validation_only
15,5,1.0,300,1,5,0.02,1.0,27091.83545907989,50300.30038856441,116.02996555577461,0.2990654205607477,0.5614035087719298,0.20382165605095542,2.084728699999687,False,8,False,validation_only
15,6,1.0,600,10,3,0.02,0.9,28593.368765130563,53195.71316019014,118.43170501184002,0.3257918552036199,0.5625,0.22929936305732485,3.8703186999991885,False,360,False,validation_only
15,7,0.7,300,10,7,0.02,0.7,25505.13019571255,46148.65104420684,115.33590115739763,0.4663677130044843,0.7878787878787878,0.33121019108280253,4.743242799995642,False,0,False,validation_only
15,8,0.7,300,1,3,0.05,0.7,28109.93810266634,52847.22007097093,117.58631515607318,0.3211009174311927,0.5737704918032787,0.2229299363057325,2.3062598000033177,False,375,False,validation_only
15,9,0.9,1000,10,5,0.05,0.7,24246.824054687822,39359.8165968774,117.84035030396541,0.6419753086419754,0.9069767441860465,0.4968152866242038,10.26054500000464,False,518,False,validation_only
15,10,0.7,300,10,3,0.05,0.9,27976.786985705956,52783.54444830718,117.49106825320375,0.33484162895927605,0.578125,0.2356687898089172,3.8738539999976638,False,503,False,validation_only
15,11,1.0,300,10,3,0.05,0.9,28716.21005714202,53191.905469525394,118.67067837200642,0.33928571428571425,0.5671641791044776,0.24203821656050956,1.667607199997292,False,446,False,validation_only
15,12,0.9,1000,1,7,0.1,1.0,28537.162768624858,42248.593734755006,119.79773217470171,0.8029739776951672,0.9642857142857143,0.6878980891719745,24.944663300004322,False,367,False,validation_only
60,1,0.7,300,5,7,0.1,0.9,37337.27259380785,54365.99387688953,129.10402956684086,0.44554455445544555,1.0,0.28662420382165604,6.37812539999868,False,280,False,validation_only
60,2,0.9,600,5,7,0.05,0.7,32811.23466748017,49204.98134482651,126.33513881900708,0.4040404040404041,0.975609756097561,0.25477707006369427,9.346391999999469,False,301,True,validation_only
60,3,1.0,600,1,7,0.02,0.9,34317.332810659376,54258.00252828439,126.31643338434637,0.22099447513812157,0.8333333333333334,0.12738853503184713,4.1281540999989375,False,193,False,validation_only
60,4,0.9,600,1,5,0.05,0.9,35844.250482403026,55433.34689374282,126.99687839036437,0.3052631578947368,0.8787878787878788,0.18471337579617833,2.5808241000049748,False,389,False,validation_only
60,5,1.0,300,1,5,0.02,1.0,36610.45198771702,61948.466182869066,125.91305519779104,0.03592814371257485,0.3,0.01910828025477707,1.1640219999972032,False,59,False,validation_only
60,6,1.0,600,10,3,0.02,0.9,39667.25804661181,65903.91700476951,129.87141718309903,0.03680981595092024,0.5,0.01910828025477707,1.3083336999989115,False,531,False,validation_only
60,7,0.7,300,10,7,0.02,0.7,34772.91050489888,57024.76036111267,125.19870051554183,0.059880239520958084,0.5,0.03184713375796178,1.797624700004235,False,35,False,validation_only
60,8,0.7,300,1,3,0.05,0.7,40532.810728384335,66441.87772402364,129.90901575278173,0.03529411764705882,0.23076923076923078,0.01910828025477707,0.631975499993132,False,480,False,validation_only
60,9,0.9,1000,10,5,0.05,0.7,36145.10136593608,54385.73378649987,127.98092519511837,0.2810810810810811,0.9285714285714286,0.16560509554140126,3.3088073000035365,False,483,False,validation_only
60,10,0.7,300,10,3,0.05,0.9,39855.95750525223,66152.21764262012,129.83497296179658,0.04761904761904762,0.36363636363636365,0.025477707006369428,0.8428971000030288,False,573,False,validation_only
60,11,1.0,300,10,3,0.05,0.9,39773.126123443304,65958.81772253277,130.44260940093102,0.03636363636363636,0.375,0.01910828025477707,0.4997949999960838,False,699,False,validation_only
60,12,0.9,1000,1,7,0.1,1.0,36912.91101532437,53022.56888028918,128.6414666849892,0.5253456221198157,0.95,0.3630573248407643,9.237830799997027,False,279,False,validation_only
