artifact_path,source_path,bytes,sha256
artifacts/final/tables/table_00_cleaning_steps.csv,outputs/tables/table_00_cleaning_steps.csv,332,de897b2d48f4d04f4791b0a4bfdc62c81a40fbbe76aa784978123db2325f6761
artifacts/final/tables/table_00_data_quality.csv,outputs/tables/table_00_data_quality.csv,3174,6cdeaa60331ca9056eea7b932bebc698723b5bfe768eef7be7621685e583c96e
artifacts/final/tables/table_01_batch_boundary_audit.csv,outputs/tables/table_01_batch_boundary_audit.csv,316,ba021abf931a39ff1b5b52612eb9a4cf1536184d79c16ca6ef48e9b6d4a8b364
artifacts/final/tables/table_01_burst_threshold.csv,outputs/tables/table_01_burst_threshold.csv,197,47d69221c96314df6518b7f70f1797fcb80633d880e61f68f3a55809c4777140
artifacts/final/tables/table_01_manual_window_checks.csv,outputs/tables/table_01_manual_window_checks.csv,731,857d6b6667f1b15a4686fbd3d2108af9890c313da2955d7027078becd91afab1
artifacts/final/tables/table_01_split_summary.csv,outputs/tables/table_01_split_summary.csv,638,5cddebd2aed5971f7b2a81e66bc5d0c7f658389cf33349cc93468bb11f1e52e7
artifacts/final/tables/table_02_baseline_results.csv,outputs/tables/table_02_baseline_results.csv,3221,c98b9fd55d59b07ac0a3f582e802faed916f45559cb46f27913ab06078bad0af
artifacts/final/tables/table_03_feature_availability.csv,outputs/tables/table_03_feature_availability.csv,4261,2d19798929d93927101188645b8f4def6faa88f778167bad057bd6033b17f558
artifacts/final/tables/table_03_feature_split_summary.csv,outputs/tables/table_03_feature_split_summary.csv,7418,5727c7daeadc3b3c249acc0cfdd5a23f66edb8c3d8ac11b860099fb37ca400fb
artifacts/final/tables/table_04_main_results.csv,outputs/tables/table_04_main_results.csv,1011,1210ef7587cf6b5a84b0c4c8ef9788934257b08a8df64ab191ee84ec5dfb9f8c
artifacts/final/tables/table_04_prediction_alignment_audit.csv,outputs/tables/table_04_prediction_alignment_audit.csv,1891,136ccbf6ec9bbb2e436a6692df4cc50d5c1218b495d2716cfb18f120a7233191
artifacts/final/tables/table_04_xgb_h15_error_analysis.csv,outputs/tables/table_04_xgb_h15_error_analysis.csv,1714,09eb5a1c02c5325c2d36f85b39b95ec4c7bf5ffcfc18075347d7b0b0f9611442
artifacts/final/tables/table_04_xgb_prediction_diagnostics.csv,outputs/tables/table_04_xgb_prediction_diagnostics.csv,641,0d8a69a8b5b585d6e0cb93f1210a309dee36fab199d6faeb5836a98aa5b8f736
artifacts/final/tables/table_04_xgb_results.csv,outputs/tables/table_04_xgb_results.csv,1188,baad85d7c8398366d03dbc35f3574a60df3bd5258b62f5a82dd2ae48b942acda
artifacts/final/tables/table_04_xgb_vs_baselines_h15.csv,outputs/tables/table_04_xgb_vs_baselines_h15.csv,550,a1afeea930677ba0619d52be05a7ffd863f1e89a964c899318a15e03ff0d03ac
artifacts/final/tables/table_04a_appendix_results_h5_h60.csv,outputs/tables/table_04a_appendix_results_h5_h60.csv,1737,f489f837158feddefa2bdb98a3e4db19c72a2f62ec49f9d20a175862d8447bf4
artifacts/final/tables/table_05_burst_results.csv,outputs/tables/table_05_burst_results.csv,1236,2297cb3d3a58f287413eb7edc020a3dcf4e4d3dd73be449146b496b470bf38a3
artifacts/final/tables/table_05_lstm_manual_sequence_check.csv,outputs/tables/table_05_lstm_manual_sequence_check.csv,1534,4a418a3356a6ad3495be697d9f0dd2caea4f90dae40833db30428d1a347344dc
artifacts/final/tables/table_05_lstm_results.csv,outputs/tables/table_05_lstm_results.csv,721,c33ff36a3a422da692418b681e49c4100a83ddc0c0219dd6e0616bd9e845fd5d
artifacts/final/tables/table_05_lstm_sequence_audit.csv,outputs/tables/table_05_lstm_sequence_audit.csv,2154,517fb4e36f8158f40b700ccd0db6aab5a80d2943cb98720558e12a2d6125859d
artifacts/final/tables/table_05a_appendix_burst_results_h5_h60.csv,outputs/tables/table_05a_appendix_burst_results_h5_h60.csv,2037,00b3c0e7b7e98b537830bdd23598141cac4091c7b46efa01fd9307274f8b3cfa
artifacts/final/tables/table_06_segment_errors.csv,outputs/tables/table_06_segment_errors.csv,10321,349c432f762e5e8e066275c321d46dbf67a410aa6586873454f71b7609aad10e
artifacts/final/tables/table_06a_xgb_h15_ablation.csv,outputs/tables/table_06a_xgb_h15_ablation.csv,2280,71070689750a143e8ac315c2f804c94a96eedfe47796e446d5ac8292af8f9994
artifacts/final/tables/table_07_robustness_burstgpt3.csv,outputs/tables/table_07_robustness_burstgpt3.csv,6904,8e36b3bc03fce54c2dc9ba6e006ea351acfc3aa337be8e5a3796bbeec57e2c6a
artifacts/final/tables/table_07a_burstgpt3_cleaning_audit.csv,outputs/tables/table_07a_burstgpt3_cleaning_audit.csv,1563,594362fc8c735c22fb3cccd97253318cf5d01283d98893be9ad64c180575ea31
artifacts/final/tables/table_08_week5_validation.csv,outputs/tables/table_08_week5_validation.csv,801,395219cba51dc9ce762b4b3a5a66f4495798b9441b0016f15786978e36c818fa
artifacts/final/tables/table_09_w5_visualization_validation.csv,outputs/tables/table_09_w5_visualization_validation.csv,2881,9389ef7e075fe917e74ee9fffa653c21411a09a4bc943a0f3ec665ff413aebff
artifacts/final/tables/xgb_feature_importance_h15.csv,outputs/tables/xgb_feature_importance_h15.csv,2728,b2d9e2dc7fcae8ceba0a05b23601e357533b0f835b3029002ce15006b4feebe8
artifacts/final/tables/xgb_feature_importance_h5.csv,outputs/tables/xgb_feature_importance_h5.csv,2733,a8210e78d02fbfdc262ec7d3a537102cb21e0e34a9d9ff55f3affcb71dd3fe94
artifacts/final/tables/xgb_feature_importance_h60.csv,outputs/tables/xgb_feature_importance_h60.csv,2728,471f7011fe5f1bcdc475331da7c85dd95dedc43900e8e6fad72790e52f589cf9
artifacts/final/tables/xgb_shap_importance_h15.csv,outputs/tables/xgb_shap_importance_h15.csv,2845,9d1a887947299d8370651d8a9c3806461f696ea995398ad32a66411d26692308
artifacts/final/tables/xgb_shap_importance_h5.csv,outputs/tables/xgb_shap_importance_h5.csv,2850,d06243c105549a87b689bbaa3111a46d7c0d6742e5af69d6e8ee1b588b8185c8
artifacts/final/tables/xgb_shap_importance_h60.csv,outputs/tables/xgb_shap_importance_h60.csv,2839,3410611e89b8ca731b2bd478178ba473be3b72225c284a47dd84018d559a4a3b
artifacts/final/tables/xgb_tuning_log.csv,outputs/tables/xgb_tuning_log.csv,7014,f65798f7a70b4e1e6f3fd81d6851da8e9c1adb35b1d83257c9f5934880f3df37
artifacts/final/tables/lstm_tuning_log.csv,outputs/tables/lstm_tuning_log.csv,983,e83fefd5b17e957eafbb75df90207eb44badebaf25ce3daaf8d5a3ef4cbd0b6e
artifacts/final/tables/lstm_history_h15.csv,outputs/tables/lstm_history_h15.csv,4525,6c19ecbb0b0ae098bd9fffb76dc2721c88154146be491a0665e2cf972c57ecf8
artifacts/final/figures/fig_00_request_time_histogram.png,outputs/figures/fig_00_request_time_histogram.png,52015,2b725904fc8defb8c00d6793110a1f18863d5ac05ad3e75b7c4aa8c13188ab98
artifacts/final/figures/fig_00_total_tokens_log_histogram.png,outputs/figures/fig_00_total_tokens_log_histogram.png,47659,10b704ba82120c4b78bf19008a14361e8cc7abdca62847a9b888ffb06b761235
artifacts/final/figures/fig_01_full_series_trend.png,outputs/figures/fig_01_full_series_trend.png,140768,9b5e7a63d0de4fb14c2f19b5a16384dbfb7edd6af59f2360cfe268810211d67d
artifacts/final/figures/fig_02_representative_relative_week.png,outputs/figures/fig_02_representative_relative_week.png,144266,4f1d6c17f2a86a50e058ebc15b40c9ea2c6c07f291237c6e8294cd22d8925d07
artifacts/final/figures/fig_03_relative_week_phase_heatmap.png,outputs/figures/fig_03_relative_week_phase_heatmap.png,113215,9241988cc58d1a6785e01da2cd26b22c8a80c27167c8edc385b4fc1537398d74
artifacts/final/figures/fig_04_token_load_log_distribution.png,outputs/figures/fig_04_token_load_log_distribution.png,51684,535cde05fefedb9b6aa4964c2f69233dd7d8a916e5b3165cf5be889f36f7587c
artifacts/final/figures/fig_05_request_count_vs_token_load.png,outputs/figures/fig_05_request_count_vs_token_load.png,259921,19295303480fad0d5a6c427f33921d258b19409052fbba5c0a9acb7e3d215342
artifacts/final/figures/fig_06_model_share_over_time.png,outputs/figures/fig_06_model_share_over_time.png,217832,4b7260695eba74f919954ecd00ec22fd0d3d771532654fd56bb7a7ea0577ead8
artifacts/final/figures/fig_07_log_type_share_over_time.png,outputs/figures/fig_07_log_type_share_over_time.png,206540,c0258d72caec9d3d6fa80c5584fd887d98e33f2e18b3f3e0cb189b578ad9e8ee
artifacts/final/figures/fig_08_acf_log_load.png,outputs/figures/fig_08_acf_log_load.png,69613,55d20c255692a2947a2ebf04679de25c95002de251fe4b5028d73e477e28a68c
artifacts/final/figures/fig_09_pacf_log_load.png,outputs/figures/fig_09_pacf_log_load.png,63515,ca4605eb071f6e8ee7714689d25575a05fcbdfa0ea6d81f3db04e2121915fade
artifacts/final/figures/fig_10_baseline_representative_day.png,outputs/figures/fig_10_baseline_representative_day.png,150413,f12b4fcc9fbc17843f6678f226691cbdd1bec541d49387b1895c2c26116f5736
artifacts/final/figures/fig_11_test_week_forecasts_h15.png,outputs/figures/fig_11_test_week_forecasts_h15.png,345688,df4db60a68e9a3f1321d245090374fd1fc1e01cb327378de47d671da988094e6
artifacts/final/figures/fig_12_burst_window_zoom_h15.png,outputs/figures/fig_12_burst_window_zoom_h15.png,313473,4dbea08473d2fb9fed3d7b91c6d549a9b258dfe27fff1b23ffc49b498e9ac357
artifacts/final/figures/fig_13_model_mae_f1_h15.png,outputs/figures/fig_13_model_mae_f1_h15.png,132867,024f228d26ee1c11293c96aa97aae2f9d528b7ed68287eb980268ef35deb0757
artifacts/final/figures/fig_14_pr_curves_h15.png,outputs/figures/fig_14_pr_curves_h15.png,101299,abfbbbad6bdcc6493bc6ac421ae8dd4fa69192cc85e43623b10e8e46f5eff28d
artifacts/final/figures/fig_15_burst_confusion_matrices_h15.png,outputs/figures/fig_15_burst_confusion_matrices_h15.png,147841,feed3079a9fccf4cce7ade01a974c133cbfa73426e2365fabf7b6d954113fb5a
artifacts/final/figures/fig_16_segment_error_burst_h15.png,outputs/figures/fig_16_segment_error_burst_h15.png,141053,c7e65de2c6df40d4de0ddc096bce86f4c527c0e06ec2fd76b73954e3552207d8
artifacts/final/figures/fig_17_segment_error_phases_h15.png,outputs/figures/fig_17_segment_error_phases_h15.png,272887,caa1badec3fab2f8f46ba7429f166b9b23a6c131af912893604c3d5862e73136
artifacts/final/figures/fig_18_segment_error_composition_h15.png,outputs/figures/fig_18_segment_error_composition_h15.png,218098,25cadb13f048966c1d44c528cab49ad840f39bd5080edcf103b7c9bae85d669d
artifacts/final/figures/fig_lstm_training_h15.png,outputs/figures/fig_lstm_training_h15.png,85022,5eac4c3e705811316457478f4893a1cf957dd9a488919c514db62d0965735810
artifacts/final/figures/fig_lstm_training_h5.png,outputs/figures/fig_lstm_training_h5.png,83442,fef0b36d2568555895e501ea3585b55294f5e201ce58f8c277bdf3a83f93f9ab
artifacts/final/figures/fig_lstm_training_h60.png,outputs/figures/fig_lstm_training_h60.png,93948,abb1bd16596d1d22a90865cb9910c88962f692bf32dd043df8771108cf421f37
artifacts/final/figures/fig_xgb_feature_importance_h15.png,outputs/figures/fig_xgb_feature_importance_h15.png,114729,33461b31e0edd5fd491f1a47c7867f4239abdeccb64130376bb3adfe2fc833ba
artifacts/final/figures/fig_xgb_feature_importance_h5.png,outputs/figures/fig_xgb_feature_importance_h5.png,109742,3aabc8b9851c838eaa2f14b74efa6d023c308dac978167fba7566ae54eb946e4
artifacts/final/figures/fig_xgb_feature_importance_h60.png,outputs/figures/fig_xgb_feature_importance_h60.png,105582,6cfc8448097f13f36ce6d439e213f85e75e2de7731edf7129007f50a5328a4dc
artifacts/final/figures/fig_xgb_shap_dependence_h15_1_lag_1.png,outputs/figures/fig_xgb_shap_dependence_h15_1_lag_1.png,51249,7957774900a16d95b6fdf43253dca9b69616a980b2f5253964029cef203774fe
artifacts/final/figures/fig_xgb_shap_dependence_h15_2_rolling_max_3.png,outputs/figures/fig_xgb_shap_dependence_h15_2_rolling_max_3.png,63297,19cea7853595ec56f70600b49830763a217196b05e3e04f9f8f404c10e785283
artifacts/final/figures/fig_xgb_shap_dependence_h15_3_api_share_history_12.png,outputs/figures/fig_xgb_shap_dependence_h15_3_api_share_history_12.png,62318,ac37334b2ec468cc4729059d72dc3afca97337a44b8eb9ee2b8c9dc9e9ee71fc
artifacts/final/figures/fig_xgb_shap_dependence_h5_1_lag_1.png,outputs/figures/fig_xgb_shap_dependence_h5_1_lag_1.png,50450,c68bc019420c1a40c44fbda852badb226d66f9e3549fea52cf09721b3a0409d3
artifacts/final/figures/fig_xgb_shap_dependence_h5_2_rolling_mean_3.png,outputs/figures/fig_xgb_shap_dependence_h5_2_rolling_mean_3.png,58214,25563d5a797dcb121b3e4b342efc6157664fec621c8453eb71172325453d4134
artifacts/final/figures/fig_xgb_shap_dependence_h5_3_rolling_max_3.png,outputs/figures/fig_xgb_shap_dependence_h5_3_rolling_max_3.png,63397,b6a1946259d64672099b0c89edf1e88b8e6b830d6011a7339d975793ce2b464f
artifacts/final/figures/fig_xgb_shap_dependence_h60_1_rolling_mean_6.png,outputs/figures/fig_xgb_shap_dependence_h60_1_rolling_mean_6.png,62199,6c6a55fd3a7dc299451dc02dfa019a5a703c6a4206c19fa6168fc8c3c7191d4e
artifacts/final/figures/fig_xgb_shap_dependence_h60_2_lag_1.png,outputs/figures/fig_xgb_shap_dependence_h60_2_lag_1.png,56580,dae0e8cfcb40575d71079e1fc90ce5bbdaa1eeb0d32c092792da64489b69fbf5
artifacts/final/figures/fig_xgb_shap_dependence_h60_3_rolling_max_6.png,outputs/figures/fig_xgb_shap_dependence_h60_3_rolling_max_6.png,72477,01d0de20149341e7c4e2a91728636b8e7d6cdef52c33d8a30b1fb284103eff69
artifacts/final/figures/fig_xgb_shap_summary_h15.png,outputs/figures/fig_xgb_shap_summary_h15.png,209886,43cd0714c60b0eceb2a84b2407a74c42e15b7222b04be60ddf45a32c90537d7a
artifacts/final/figures/fig_xgb_shap_summary_h5.png,outputs/figures/fig_xgb_shap_summary_h5.png,206923,cf8cccf4f3ea9eb2ef4c9165b24dc53a57ee621d3671ce87b208c51a89eb748a
artifacts/final/figures/fig_xgb_shap_summary_h60.png,outputs/figures/fig_xgb_shap_summary_h60.png,325753,79b2d8e66586260cac80297d1f0e5659201aaff68057cc204f48bc7a15ded9fe
artifacts/final/figures/w5_python/fig_w5_py_01_h15_regression_accuracy.png,outputs/figures/w5_python/fig_w5_py_01_h15_regression_accuracy.png,102558,7dc74887c2c3388dd11af1dcbc61f2c49d15e7e4fe3ec17f32640ab13bcc712e
artifacts/final/figures/w5_python/fig_w5_py_02_mae_by_horizon.png,outputs/figures/w5_python/fig_w5_py_02_mae_by_horizon.png,101369,bb41f32ce81c6b6683718fcfcbfb3fd2969c2843b7e51bc662d8d165798f8e3d
artifacts/final/figures/w5_python/fig_w5_py_03_representative_week_h15.png,outputs/figures/w5_python/fig_w5_py_03_representative_week_h15.png,281609,8431f30f01a3b6a5915c5aae8b00db84c7b5857f9fb12870aed57c6bf96ef233
artifacts/final/figures/w5_python/fig_w5_py_04_burst_zoom_h15.png,outputs/figures/w5_python/fig_w5_py_04_burst_zoom_h15.png,352977,1e525538981079ef7e4b60f34fc9bbdcc102949a8e30cda05acb2952d50e468a
artifacts/final/figures/w5_python/fig_w5_py_05_pr_curves_h15.png,outputs/figures/w5_python/fig_w5_py_05_pr_curves_h15.png,103844,d34463ef860cb3784882895533bad94895d2aaea70f8eba851a5dd8aa55cb63e
artifacts/final/figures/w5_python/fig_w5_py_06_confusion_matrices_h15.png,outputs/figures/w5_python/fig_w5_py_06_confusion_matrices_h15.png,151274,7e6110ead4558a2918efa38c6ee1fedda0f8267f84a21fc27815083ffa5931ce
artifacts/final/figures/w5_python/fig_w5_py_07_burst_segment_mae_bias_h15.png,outputs/figures/w5_python/fig_w5_py_07_burst_segment_mae_bias_h15.png,118985,f95486978fdb4d7784f90e83cbfce04594f09d3587f68ed0533e020d1cba52ed
artifacts/final/figures/w5_python/fig_w5_py_08_segment_profiles_h15.png,outputs/figures/w5_python/fig_w5_py_08_segment_profiles_h15.png,597609,681f3b7ab18eca53989e10c5101301d5024af9dbeeb5f017a7b15b731fb9ed7a
artifacts/final/figures/w5_python/fig_w5_py_09_xgb_ablation_h15.png,outputs/figures/w5_python/fig_w5_py_09_xgb_ablation_h15.png,96248,fe8313637141b587c5f8d6b50e1bede3504986c4f9047a1c6fae1360d0ae1bfe
artifacts/final/figures/w5_python/fig_w5_py_10_burstgpt3_robustness.png,outputs/figures/w5_python/fig_w5_py_10_burstgpt3_robustness.png,92002,aaf33cb4e4354ad19d9c00670b220a157c9312bf370401fae19943eb911752f3
artifacts/final/figures/w5_python/w5_python_overview.png,outputs/figures/w5_python/w5_python_overview.png,1383540,4a513f14bd61a445427919897fdf4e46c27eddc400662825ef2a6a7cbc836235
artifacts/final/figures/w5_rstudio/fig_w5_r_01_h15_regression_accuracy.png,outputs/figures/w5_rstudio/fig_w5_r_01_h15_regression_accuracy.png,56144,c701a1ed3e87aec4da572e038068f40a7bb5b3511fded50cb3eef1fee86d4a29
artifacts/final/figures/w5_rstudio/fig_w5_r_02_mae_by_horizon.png,outputs/figures/w5_rstudio/fig_w5_r_02_mae_by_horizon.png,48192,293d7267e1a3363a049766af160ee74dc3f8023307e533ec95f81e1748faa2c0
artifacts/final/figures/w5_rstudio/fig_w5_r_03_representative_week_h15.png,outputs/figures/w5_rstudio/fig_w5_r_03_representative_week_h15.png,105648,bae7a7006f630eea0821300f92fe76a16e9a837c6d1b14edc7616d33dd2e736b
artifacts/final/figures/w5_rstudio/fig_w5_r_04_burst_zoom_h15.png,outputs/figures/w5_rstudio/fig_w5_r_04_burst_zoom_h15.png,63220,39c230bfdbc2c37eb76ca63714275c418c04f02b79962041fbbadfe248e4b8a8
artifacts/final/figures/w5_rstudio/fig_w5_r_05_pr_curves_h15.png,outputs/figures/w5_rstudio/fig_w5_r_05_pr_curves_h15.png,34830,e1c26bc7946e8e6afb7cfe863147d067aa159f9e1b98a1f0af822d01a3a7d4ac
artifacts/final/figures/w5_rstudio/fig_w5_r_06_confusion_matrices_h15.png,outputs/figures/w5_rstudio/fig_w5_r_06_confusion_matrices_h15.png,61371,f688e2fbe143ff31f1ce41bdd00eec420ecbe64a1664523fbb6d42ea6e3032d0
artifacts/final/figures/w5_rstudio/fig_w5_r_07_burst_segment_mae_bias_h15.png,outputs/figures/w5_rstudio/fig_w5_r_07_burst_segment_mae_bias_h15.png,56018,3a055a0e892862408e1b2530d64ade15a29aeb13044aaf489cbc6c61a97f6d7c
artifacts/final/figures/w5_rstudio/fig_w5_r_08_segment_profiles_h15.png,outputs/figures/w5_rstudio/fig_w5_r_08_segment_profiles_h15.png,101624,0c2cfb50ab3622e8134ef54ac4f28a7385d79e1dbfc36e1b3b1b511de256dec5
artifacts/final/figures/w5_rstudio/fig_w5_r_09_xgb_ablation_h15.png,outputs/figures/w5_rstudio/fig_w5_r_09_xgb_ablation_h15.png,42902,cf2eeb36a6dc0b91ea462f3e4790d8aeb3ffe0b06687220e3db88eab73a5fe4a
artifacts/final/figures/w5_rstudio/fig_w5_r_10_burstgpt3_robustness.png,outputs/figures/w5_rstudio/fig_w5_r_10_burstgpt3_robustness.png,44418,35c9784016dc68d75f8c6a115c23d75c76e8d0f8cf7e5cd07edf1524bde9a912
artifacts/final/figures/w5_rstudio/w5_rstudio_overview.png,outputs/figures/w5_rstudio/w5_rstudio_overview.png,229587,906fdab0f70347c14c6db64b749afba511d008d5e361d4551393b5677ad19f81
